-- MySQL dump 10.13  Distrib 5.7.22, for Linux (i686)
--
-- Host: localhost    Database: hbnb_dev_db
-- ------------------------------------------------------
-- Server version	5.7.22

/*!40101 SET @OLD_CHARACTER_SET_CLIENT=@@CHARACTER_SET_CLIENT */;
/*!40101 SET @OLD_CHARACTER_SET_RESULTS=@@CHARACTER_SET_RESULTS */;
/*!40101 SET @OLD_COLLATION_CONNECTION=@@COLLATION_CONNECTION */;
/*!40101 SET NAMES utf8 */;
/*!40103 SET @OLD_TIME_ZONE=@@TIME_ZONE */;
/*!40103 SET TIME_ZONE='+00:00' */;
/*!40014 SET @OLD_UNIQUE_CHECKS=@@UNIQUE_CHECKS, UNIQUE_CHECKS=0 */;
/*!40014 SET @OLD_FOREIGN_KEY_CHECKS=@@FOREIGN_KEY_CHECKS, FOREIGN_KEY_CHECKS=0 */;
/*!40101 SET @OLD_SQL_MODE=@@SQL_MODE, SQL_MODE='NO_AUTO_VALUE_ON_ZERO' */;
/*!40111 SET @OLD_SQL_NOTES=@@SQL_NOTES, SQL_NOTES=0 */;

--
-- Table structure for table `amenities`
--

DROP TABLE IF EXISTS `amenities`;
/*!40101 SET @saved_cs_client     = @@character_set_client */;
/*!40101 SET character_set_client = utf8 */;
CREATE TABLE `amenities` (
  `id` varchar(60) NOT NULL,
  `created_at` datetime NOT NULL DEFAULT CURRENT_TIMESTAMP,
  `updated_at` datetime NOT NULL DEFAULT CURRENT_TIMESTAMP,
  `name` varchar(128) NOT NULL,
  PRIMARY KEY (`id`)
) ENGINE=InnoDB DEFAULT CHARSET=latin1;
/*!40101 SET character_set_client = @saved_cs_client */;

--
-- Dumping data for table `amenities`
--

LOCK TABLES `amenities` WRITE;
/*!40000 ALTER TABLE `amenities` DISABLE KEYS */;
INSERT INTO `amenities` VALUES ('821a55f4-7d82-47d9-b54c-a76916479551','2017-03-25 19:44:42','2017-03-25 19:44:42','Wifi'),('821a55f4-7d82-47d9-b54c-a76916479552','2017-03-25 19:44:42','2017-03-25 19:44:42','Pets friendly'),('821a55f4-7d82-47d9-b54c-a76916479553','2017-03-25 19:44:42','2017-03-25 19:44:42','Elevator in building'),('821a55f4-7d82-47d9-b54c-a76916479554','2017-03-25 19:44:42','2017-03-25 19:44:42','Doorman'),('821a55f4-7d82-47d9-b54c-a76916479555','2017-03-25 19:44:42','2017-03-25 19:44:42','Cable TV'),('821a55f4-7d82-47d9-b54c-a76916479556','2017-03-25 19:44:42','2017-03-25 19:44:42','Dryer'),('821a55f4-7d82-47d9-b54c-a76916479557','2017-03-25 19:44:42','2017-03-25 19:44:42','Hair dryer'),('821a55f4-7d82-47d9-b54c-a76916479558','2017-03-25 19:44:42','2017-03-25 19:44:42','Iron'),('821a55f4-7d82-47d9-b54c-a76916479559','2017-03-25 19:44:42','2017-03-25 19:44:42','Washer'),('821a55f4-7d82-47d9-b54c-a76916479560','2017-03-25 19:44:42','2017-03-25 19:44:42','Laundry room'),('821a55f4-7d82-47d9-b54c-a76916479561','2017-03-25 19:44:42','2017-03-25 19:44:42','Air conditioning'),('821a55f4-7d82-47d9-b54c-a76916479562','2017-03-25 19:44:42','2017-03-25 19:44:42','Hot tub'),('821a55f4-7d82-47d9-b54c-a76916479563','2017-03-25 19:44:42','2017-03-25 19:44:42','Smokeless Cigars Allowed');
/*!40000 ALTER TABLE `amenities` ENABLE KEYS */;
UNLOCK TABLES;

--
-- Table structure for table `cities`
--

DROP TABLE IF EXISTS `cities`;
/*!40101 SET @saved_cs_client     = @@character_set_client */;
/*!40101 SET character_set_client = utf8 */;
CREATE TABLE `cities` (
  `id` varchar(60) NOT NULL,
  `created_at` datetime NOT NULL DEFAULT CURRENT_TIMESTAMP,
  `updated_at` datetime NOT NULL DEFAULT CURRENT_TIMESTAMP,
  `name` varchar(128) NOT NULL,
  `state_id` varchar(60) NOT NULL,
  PRIMARY KEY (`id`),
  KEY `state_id` (`state_id`),
  CONSTRAINT `cities_ibfk_1` FOREIGN KEY (`state_id`) REFERENCES `states` (`id`)
) ENGINE=InnoDB DEFAULT CHARSET=latin1;
/*!40101 SET character_set_client = @saved_cs_client */;

--
-- Dumping data for table `cities`
--

LOCK TABLES `cities` WRITE;
/*!40000 ALTER TABLE `cities` DISABLE KEYS */;
INSERT INTO `cities` VALUES ('521a55f4-7d82-47d9-b54c-a76916479545','2017-03-25 19:44:42','2017-03-25 19:44:42','Akron','421a55f4-7d82-47d9-b54c-a76916479545'),('521a55f4-7d82-47d9-b54c-a76916479546','2017-03-25 19:44:42','2017-03-25 19:44:42','Douglas','421a55f4-7d82-47d9-b54c-a76916479546'),('521a55f4-7d82-47d9-b54c-a76916479547','2017-03-25 19:44:42','2017-03-25 19:44:42','San Francisco','421a55f4-7d82-47d9-b54c-a76916479547'),('521a55f4-7d82-47d9-b54c-a76916479548','2017-03-25 19:44:42','2017-03-25 19:44:42','Denver','421a55f4-7d82-47d9-b54c-a76916479548'),('521a55f4-7d82-47d9-b54c-a76916479549','2017-03-25 19:44:42','2017-03-25 19:44:42','Miami','421a55f4-7d82-47d9-b54c-a76916479549'),('521a55f4-7d82-47d9-b54c-a76916479551','2017-03-25 19:44:42','2017-03-25 19:44:42','Honolulu','421a55f4-7d82-47d9-b54c-a76916479551'),('521a55f4-7d82-47d9-b54c-a76916479552','2017-03-25 19:44:42','2017-03-25 19:44:42','Chicago','421a55f4-7d82-47d9-b54c-a76916479552'),('521a55f4-7d82-47d9-b54c-a76916479554','2017-03-25 19:44:42','2017-03-25 19:44:42','New Orleans','421a55f4-7d82-47d9-b54c-a76916479554'),('521a55f4-7d82-47d9-b54c-a76916479555','2017-03-25 19:44:42','2017-03-25 19:44:42','Saint Paul','421a55f4-7d82-47d9-b54c-a76916479555'),('531a55f4-7d82-47d9-b54c-a76916479545','2017-03-25 19:44:42','2017-03-25 19:44:42','Babbie','421a55f4-7d82-47d9-b54c-a76916479545'),('531a55f4-7d82-47d9-b54c-a76916479546','2017-03-25 19:44:42','2017-03-25 19:44:42','Kearny','421a55f4-7d82-47d9-b54c-a76916479546'),('531a55f4-7d82-47d9-b54c-a76916479547','2017-03-25 19:44:42','2017-03-25 19:44:42','San Jose','421a55f4-7d82-47d9-b54c-a76916479547'),('531a55f4-7d82-47d9-b54c-a76916479549','2017-03-25 19:44:42','2017-03-25 19:44:42','Orlando','421a55f4-7d82-47d9-b54c-a76916479549'),('531a55f4-7d82-47d9-b54c-a76916479551','2017-03-25 19:44:42','2017-03-25 19:44:42','Kailua','421a55f4-7d82-47d9-b54c-a76916479551'),('531a55f4-7d82-47d9-b54c-a76916479552','2017-03-25 19:44:42','2017-03-25 19:44:42','Peoria','421a55f4-7d82-47d9-b54c-a76916479552'),('531a55f4-7d82-47d9-b54c-a76916479554','2017-03-25 19:44:42','2017-03-25 19:44:42','Baton rouge','421a55f4-7d82-47d9-b54c-a76916479554'),('541a55f4-7d82-47d9-b54c-a76916479545','2017-03-25 19:44:42','2017-03-25 19:44:42','Calera','421a55f4-7d82-47d9-b54c-a76916479545'),('541a55f4-7d82-47d9-b54c-a76916479546','2017-03-25 19:44:42','2017-03-25 19:44:42','Tempe','421a55f4-7d82-47d9-b54c-a76916479546'),('541a55f4-7d82-47d9-b54c-a76916479547','2017-03-25 19:44:42','2017-03-25 19:44:42','Fremont','421a55f4-7d82-47d9-b54c-a76916479547'),('541a55f4-7d82-47d9-b54c-a76916479551','2017-03-25 19:44:42','2017-03-25 19:44:42','Pearl city','421a55f4-7d82-47d9-b54c-a76916479551'),('541a55f4-7d82-47d9-b54c-a76916479552','2017-03-25 19:44:42','2017-03-25 19:44:42','Naperville','421a55f4-7d82-47d9-b54c-a76916479552'),('541a55f4-7d82-47d9-b54c-a76916479554','2017-03-25 19:44:42','2017-03-25 19:44:42','Lafayette','421a55f4-7d82-47d9-b54c-a76916479554'),('551a55f4-7d82-47d9-b54c-a76916479545','2017-03-25 19:44:42','2017-03-25 19:44:42','Fairfield','421a55f4-7d82-47d9-b54c-a76916479545'),('551a55f4-7d82-47d9-b54c-a76916479547','2017-03-25 19:44:42','2017-03-25 19:44:42','Napa','421a55f4-7d82-47d9-b54c-a76916479547'),('551a55f4-7d82-47d9-b54c-a76916479552','2017-03-25 19:44:42','2017-03-25 19:44:42','Urbana','421a55f4-7d82-47d9-b54c-a76916479552'),('561a55f4-7d82-47d9-b54c-a76916479547','2017-03-25 19:44:42','2017-03-25 19:44:42','Sonoma','421a55f4-7d82-47d9-b54c-a76916479547'),('561a55f4-7d82-47d9-b54c-a76916479552','2017-03-25 19:44:42','2017-03-25 19:44:42','Joliet','421a55f4-7d82-47d9-b54c-a76916479552'),('a21e33a6-58f5-402a-891c-918333e85f99','2023-05-01 20:57:31','2023-05-01 20:57:31','Bossier City','Hello');
/*!40000 ALTER TABLE `cities` ENABLE KEYS */;
UNLOCK TABLES;

--
-- Table structure for table `place_amenity`
--

DROP TABLE IF EXISTS `place_amenity`;
/*!40101 SET @saved_cs_client     = @@character_set_client */;
/*!40101 SET character_set_client = utf8 */;
CREATE TABLE `place_amenity` (
  `place_id` varchar(60) NOT NULL,
  `amenity_id` varchar(60) NOT NULL,
  PRIMARY KEY (`place_id`,`amenity_id`),
  KEY `amenity_id` (`amenity_id`),
  CONSTRAINT `place_amenity_ibfk_1` FOREIGN KEY (`place_id`) REFERENCES `places` (`id`),
  CONSTRAINT `place_amenity_ibfk_2` FOREIGN KEY (`amenity_id`) REFERENCES `amenities` (`id`)
) ENGINE=InnoDB DEFAULT CHARSET=latin1;
/*!40101 SET character_set_client = @saved_cs_client */;

--
-- Dumping data for table `place_amenity`
--

LOCK TABLES `place_amenity` WRITE;
/*!40000 ALTER TABLE `place_amenity` DISABLE KEYS */;
/*!40000 ALTER TABLE `place_amenity` ENABLE KEYS */;
UNLOCK TABLES;

--
-- Table structure for table `places`
--

DROP TABLE IF EXISTS `places`;
/*!40101 SET @saved_cs_client     = @@character_set_client */;
/*!40101 SET character_set_client = utf8 */;
CREATE TABLE `places` (
  `id` varchar(60) NOT NULL,
  `created_at` datetime NOT NULL,
  `updated_at` datetime NOT NULL,
  `city_id` varchar(60) NOT NULL,
  `user_id` varchar(60) NOT NULL,
  `name` varchar(128) NOT NULL,
  `description` varchar(1024) DEFAULT NULL,
  `number_rooms` int(11) NOT NULL,
  `number_bathrooms` int(11) NOT NULL,
  `max_guest` int(11) NOT NULL,
  `price_by_night` int(11) NOT NULL,
  `latitude` float DEFAULT NULL,
  `longitude` float DEFAULT NULL,
  PRIMARY KEY (`id`),
  KEY `city_id` (`city_id`),
  KEY `user_id` (`user_id`),
  CONSTRAINT `places_ibfk_1` FOREIGN KEY (`city_id`) REFERENCES `cities` (`id`),
  CONSTRAINT `places_ibfk_2` FOREIGN KEY (`user_id`) REFERENCES `users` (`id`)
) ENGINE=InnoDB DEFAULT CHARSET=latin1;
/*!40101 SET character_set_client = @saved_cs_client */;

--
-- Dumping data for table `places`
--

LOCK TABLES `places` WRITE;
/*!40000 ALTER TABLE `places` DISABLE KEYS */;
INSERT INTO `places` VALUES ('4b8fe45d-7ab1-447a-84b4-055500005704','2023-05-02 14:24:39','2023-05-02 14:24:39','a21e33a6-58f5-402a-891c-918333e85f99','3c7b8afe-b947-4c17-99cb-20b58ac67f05','bujumbura',NULL,0,4,0,300,NULL,NULL);
/*!40000 ALTER TABLE `places` ENABLE KEYS */;
UNLOCK TABLES;

--
-- Table structure for table `reviews`
--

DROP TABLE IF EXISTS `reviews`;
/*!40101 SET @saved_cs_client     = @@character_set_client */;
/*!40101 SET character_set_client = utf8 */;
CREATE TABLE `reviews` (
  `id` varchar(60) NOT NULL,
  `created_at` datetime NOT NULL,
  `updated_at` datetime NOT NULL,
  `text` varchar(1024) NOT NULL,
  `place_id` varchar(60) NOT NULL,
  `user_id` varchar(60) NOT NULL,
  PRIMARY KEY (`id`),
  KEY `place_id` (`place_id`),
  KEY `user_id` (`user_id`),
  CONSTRAINT `reviews_ibfk_1` FOREIGN KEY (`place_id`) REFERENCES `places` (`id`),
  CONSTRAINT `reviews_ibfk_2` FOREIGN KEY (`user_id`) REFERENCES `users` (`id`)
) ENGINE=InnoDB DEFAULT CHARSET=latin1;
/*!40101 SET character_set_client = @saved_cs_client */;

--
-- Dumping data for table `reviews`
--

LOCK TABLES `reviews` WRITE;
/*!40000 ALTER TABLE `reviews` DISABLE KEYS */;
/*!40000 ALTER TABLE `reviews` ENABLE KEYS */;
UNLOCK TABLES;

--
-- Table structure for table `states`
--

DROP TABLE IF EXISTS `states`;
/*!40101 SET @saved_cs_client     = @@character_set_client */;
/*!40101 SET character_set_client = utf8 */;
CREATE TABLE `states` (
  `id` varchar(60) NOT NULL,
  `created_at` datetime NOT NULL DEFAULT CURRENT_TIMESTAMP,
  `updated_at` datetime NOT NULL DEFAULT CURRENT_TIMESTAMP,
  `name` varchar(128) NOT NULL,
  PRIMARY KEY (`id`)
) ENGINE=InnoDB DEFAULT CHARSET=latin1;
/*!40101 SET character_set_client = @saved_cs_client */;

--
-- Dumping data for table `states`
--

LOCK TABLES `states` WRITE;
/*!40000 ALTER TABLE `states` DISABLE KEYS */;
INSERT INTO `states` VALUES ('421a55f4-7d82-47d9-b54c-a76916479545','2017-03-25 19:44:42','2017-03-25 19:44:42','California is so cool'),('421a55f4-7d82-47d9-b54c-a76916479546','2017-03-25 19:44:42','2017-03-25 19:44:42','Arizona'),('421a55f4-7d82-47d9-b54c-a76916479547','2017-03-25 19:44:42','2017-03-25 19:44:42','California'),('421a55f4-7d82-47d9-b54c-a76916479548','2017-03-25 19:44:42','2017-03-25 19:44:42','Colorado'),('421a55f4-7d82-47d9-b54c-a76916479549','2017-03-25 19:44:42','2017-03-25 19:44:42','Florida'),('421a55f4-7d82-47d9-b54c-a76916479550','2017-03-25 19:44:42','2017-03-25 19:44:42','Georgia'),('421a55f4-7d82-47d9-b54c-a76916479551','2017-03-25 19:44:42','2017-03-25 19:44:42','Hawaii'),('421a55f4-7d82-47d9-b54c-a76916479552','2017-03-25 19:44:42','2017-03-25 19:44:42','Illinois'),('421a55f4-7d82-47d9-b54c-a76916479553','2017-03-25 19:44:42','2017-03-25 19:44:42','Indiana'),('421a55f4-7d82-47d9-b54c-a76916479554','2017-03-25 19:44:42','2017-03-25 19:44:42','Louisiana'),('421a55f4-7d82-47d9-b54c-a76916479555','2017-03-25 19:44:42','2017-03-25 19:44:42','Minnesota'),('88f56c48-cbcb-4281-aff0-06868ba52a87','2023-05-01 05:23:22','2023-05-01 05:23:22','ZZlexandria'),('f0cd01f0-ed24-4170-a706-916f8d70b633','2023-05-01 05:22:07','2023-05-01 05:22:07','ZAlexandria'),('Hello','2023-05-01 05:23:47','2023-05-01 05:23:47','California  cool');
/*!40000 ALTER TABLE `states` ENABLE KEYS */;
UNLOCK TABLES;

--
-- Table structure for table `users`
--

DROP TABLE IF EXISTS `users`;
/*!40101 SET @saved_cs_client     = @@character_set_client */;
/*!40101 SET character_set_client = utf8 */;
CREATE TABLE `users` (
  `id` varchar(60) NOT NULL,
  `created_at` datetime NOT NULL,
  `updated_at` datetime NOT NULL,
  `email` varchar(128) NOT NULL,
  `password` varchar(128) NOT NULL,
  `first_name` varchar(128) DEFAULT NULL,
  `last_name` varchar(128) DEFAULT NULL,
  PRIMARY KEY (`id`)
) ENGINE=InnoDB DEFAULT CHARSET=latin1;
/*!40101 SET character_set_client = @saved_cs_client */;

--
-- Dumping data for table `users`
--

LOCK TABLES `users` WRITE;
/*!40000 ALTER TABLE `users` DISABLE KEYS */;
INSERT INTO `users` VALUES ('3c7b8afe-b947-4c17-99cb-20b58ac67f05','2023-05-02 11:10:15','2023-05-02 11:10:15','paris@main','parrisdfsdfis',NULL,NULL),('6c91487e-9aa0-486b-8b58-7be3e1ffde83','2023-05-02 11:12:35','2023-05-02 11:12:35','paris@main','parris',NULL,NULL),('8c1dd478-01e0-4c4c-a7ba-35a235cf90ae','2023-05-02 10:43:13','2023-05-02 10:43:13','user@localhost ','P@$$W0RD',NULL,NULL);
/*!40000 ALTER TABLE `users` ENABLE KEYS */;
UNLOCK TABLES;
/*!40103 SET TIME_ZONE=@OLD_TIME_ZONE */;

/*!40101 SET SQL_MODE=@OLD_SQL_MODE */;
/*!40014 SET FOREIGN_KEY_CHECKS=@OLD_FOREIGN_KEY_CHECKS */;
/*!40014 SET UNIQUE_CHECKS=@OLD_UNIQUE_CHECKS */;
/*!40101 SET CHARACTER_SET_CLIENT=@OLD_CHARACTER_SET_CLIENT */;
/*!40101 SET CHARACTER_SET_RESULTS=@OLD_CHARACTER_SET_RESULTS */;
/*!40101 SET COLLATION_CONNECTION=@OLD_COLLATION_CONNECTION */;
/*!40111 SET SQL_NOTES=@OLD_SQL_NOTES */;

-- Dump completed on 2023-05-06  8:23:41
